"STATION","NAME","DATE","AWND","PRCP"
"USW00014739","BOSTON LOGAN INTERNATIONAL AIRPORT, MA US","1970-01",,"0.90"
"USW00014739","BOSTON LOGAN INTERNATIONAL AIRPORT, MA US","1970-02",,"4.65"
"USW00014739","BOSTON LOGAN INTERNATIONAL AIRPORT, MA US","1970-03",,"4.32"
"USW00014739","BOSTON LOGAN INTERNATIONAL AIRPORT, MA US","1970-04",,"2.79"
"USW00014739","BOSTON LOGAN INTERNATIONAL AIRPORT, MA US","1970-05",,"3.01"
"USW00014739","BOSTON LOGAN INTERNATIONAL AIRPORT, MA US","1970-06",,"4.63"
"USW00014739","BOSTON LOGAN INTERNATIONAL AIRPORT, MA US","1970-07",,"1.27"
"USW00014739","BOSTON LOGAN INTERNATIONAL AIRPORT, MA US","1970-08",,"4.13"
"USW00014739","BOSTON LOGAN INTERNATIONAL AIRPORT, MA US","1970-09",,"2.60"
"USW00014739","BOSTON LOGAN INTERNATIONAL AIRPORT, MA US","1970-10",,"2.63"
"USW00014739","BOSTON LOGAN INTERNATIONAL AIRPORT, MA US","1970-11",,"4.09"
"USW00014739","BOSTON LOGAN INTERNATIONAL AIRPORT, MA US","1970-12",,"6.92"
"USW00014739","BOSTON LOGAN INTERNATIONAL AIRPORT, MA US","1971-01",,"1.89"
"USW00014739","BOSTON LOGAN INTERNATIONAL AIRPORT, MA US","1971-02",,"5.05"
"USW00014739","BOSTON LOGAN INTERNATIONAL AIRPORT, MA US","1971-03",,"3.08"
"USW00014739","BOSTON LOGAN INTERNATIONAL AIRPORT, MA US","1971-04",,"2.92"
"USW00014739","BOSTON LOGAN INTERNATIONAL AIRPORT, MA US","1971-05",,"3.72"
"USW00014739","BOSTON LOGAN INTERNATIONAL AIRPORT, MA US","1971-06",,"1.74"
"USW00014739","BOSTON LOGAN INTERNATIONAL AIRPORT, MA US","1971-07",,"2.84"
"USW00014739","BOSTON LOGAN INTERNATIONAL AIRPORT, MA US","1971-08",,"1.59"
"USW00014739","BOSTON LOGAN INTERNATIONAL AIRPORT, MA US","1971-09",,"1.55"
"USW00014739","BOSTON LOGAN INTERNATIONAL AIRPORT, MA US","1971-10",,"2.16"
"USW00014739","BOSTON LOGAN INTERNATIONAL AIRPORT, MA US","1971-11",,"6.74"
"USW00014739","BOSTON LOGAN INTERNATIONAL AIRPORT, MA US","1971-12",,"2.40"
"USW00014739","BOSTON LOGAN INTERNATIONAL AIRPORT, MA US","1972-01",,"2.05"
"USW00014739","BOSTON LOGAN INTERNATIONAL AIRPORT, MA US","1972-02",,"5.29"
"USW00014739","BOSTON LOGAN INTERNATIONAL AIRPORT, MA US","1972-03",,"5.37"
"USW00014739","BOSTON LOGAN INTERNATIONAL AIRPORT, MA US","1972-04",,"3.34"
"USW00014739","BOSTON LOGAN INTERNATIONAL AIRPORT, MA US","1972-05",,"5.26"
"USW00014739","BOSTON LOGAN INTERNATIONAL AIRPORT, MA US","1972-06",,"6.76"
"USW00014739","BOSTON LOGAN INTERNATIONAL AIRPORT, MA US","1972-07",,"2.19"
"USW00014739","BOSTON LOGAN INTERNATIONAL AIRPORT, MA US","1972-08",,"0.83"
"USW00014739","BOSTON LOGAN INTERNATIONAL AIRPORT, MA US","1972-09",,"5.94"
"USW00014739","BOSTON LOGAN INTERNATIONAL AIRPORT, MA US","1972-10",,"2.98"
"USW00014739","BOSTON LOGAN INTERNATIONAL AIRPORT, MA US","1972-11",,"7.03"
"USW00014739","BOSTON LOGAN INTERNATIONAL AIRPORT, MA US","1972-12",,"6.08"
"USW00014739","BOSTON LOGAN INTERNATIONAL AIRPORT, MA US","1973-01",,"3.13"
"USW00014739","BOSTON LOGAN INTERNATIONAL AIRPORT, MA US","1973-02",,"2.13"
"USW00014739","BOSTON LOGAN INTERNATIONAL AIRPORT, MA US","1973-03",,"2.20"
"USW00014739","BOSTON LOGAN INTERNATIONAL AIRPORT, MA US","1973-04",,"5.65"
"USW00014739","BOSTON LOGAN INTERNATIONAL AIRPORT, MA US","1973-05",,"3.77"
"USW00014739","BOSTON LOGAN INTERNATIONAL AIRPORT, MA US","1973-06",,"4.68"
"USW00014739","BOSTON LOGAN INTERNATIONAL AIRPORT, MA US","1973-07",,"4.83"
"USW00014739","BOSTON LOGAN INTERNATIONAL AIRPORT, MA US","1973-08",,"2.78"
"USW00014739","BOSTON LOGAN INTERNATIONAL AIRPORT, MA US","1973-09",,"1.96"
"USW00014739","BOSTON LOGAN INTERNATIONAL AIRPORT, MA US","1973-10",,"2.71"
"USW00014739","BOSTON LOGAN INTERNATIONAL AIRPORT, MA US","1973-11",,"1.74"
"USW00014739","BOSTON LOGAN INTERNATIONAL AIRPORT, MA US","1973-12",,"7.20"
"USW00014739","BOSTON LOGAN INTERNATIONAL AIRPORT, MA US","1974-01",,"3.23"
"USW00014739","BOSTON LOGAN INTERNATIONAL AIRPORT, MA US","1974-02",,"3.24"
"USW00014739","BOSTON LOGAN INTERNATIONAL AIRPORT, MA US","1974-03",,"4.01"
"USW00014739","BOSTON LOGAN INTERNATIONAL AIRPORT, MA US","1974-04",,"3.86"
"USW00014739","BOSTON LOGAN INTERNATIONAL AIRPORT, MA US","1974-05",,"2.87"
"USW00014739","BOSTON LOGAN INTERNATIONAL AIRPORT, MA US","1974-06",,"2.30"
"USW00014739","BOSTON LOGAN INTERNATIONAL AIRPORT, MA US","1974-07",,"1.54"
"USW00014739","BOSTON LOGAN INTERNATIONAL AIRPORT, MA US","1974-08",,"3.41"
"USW00014739","BOSTON LOGAN INTERNATIONAL AIRPORT, MA US","1974-09",,"7.04"
"USW00014739","BOSTON LOGAN INTERNATIONAL AIRPORT, MA US","1974-10",,"3.13"
"USW00014739","BOSTON LOGAN INTERNATIONAL AIRPORT, MA US","1974-11",,"1.73"
"USW00014739","BOSTON LOGAN INTERNATIONAL AIRPORT, MA US","1974-12",,"3.92"
"USW00014739","BOSTON LOGAN INTERNATIONAL AIRPORT, MA US","1975-01",,"5.70"
"USW00014739","BOSTON LOGAN INTERNATIONAL AIRPORT, MA US","1975-02",,"3.37"
"USW00014739","BOSTON LOGAN INTERNATIONAL AIRPORT, MA US","1975-03",,"2.75"
"USW00014739","BOSTON LOGAN INTERNATIONAL AIRPORT, MA US","1975-04",,"2.40"
"USW00014739","BOSTON LOGAN INTERNATIONAL AIRPORT, MA US","1975-05",,"1.78"
"USW00014739","BOSTON LOGAN INTERNATIONAL AIRPORT, MA US","1975-06",,"2.10"
"USW00014739","BOSTON LOGAN INTERNATIONAL AIRPORT, MA US","1975-07",,"2.35"
"USW00014739","BOSTON LOGAN INTERNATIONAL AIRPORT, MA US","1975-08",,"5.52"
"USW00014739","BOSTON LOGAN INTERNATIONAL AIRPORT, MA US","1975-09",,"5.49"
"USW00014739","BOSTON LOGAN INTERNATIONAL AIRPORT, MA US","1975-10",,"4.41"
"USW00014739","BOSTON LOGAN INTERNATIONAL AIRPORT, MA US","1975-11",,"5.13"
"USW00014739","BOSTON LOGAN INTERNATIONAL AIRPORT, MA US","1975-12",,"4.81"
"USW00014739","BOSTON LOGAN INTERNATIONAL AIRPORT, MA US","1976-01",,"5.30"
"USW00014739","BOSTON LOGAN INTERNATIONAL AIRPORT, MA US","1976-02",,"2.45"
"USW00014739","BOSTON LOGAN INTERNATIONAL AIRPORT, MA US","1976-03",,"2.41"
"USW00014739","BOSTON LOGAN INTERNATIONAL AIRPORT, MA US","1976-04",,"2.00"
"USW00014739","BOSTON LOGAN INTERNATIONAL AIRPORT, MA US","1976-05",,"1.99"
"USW00014739","BOSTON LOGAN INTERNATIONAL AIRPORT, MA US","1976-06",,"0.58"
"USW00014739","BOSTON LOGAN INTERNATIONAL AIRPORT, MA US","1976-07",,"4.31"
"USW00014739","BOSTON LOGAN INTERNATIONAL AIRPORT, MA US","1976-08",,"8.00"
"USW00014739","BOSTON LOGAN INTERNATIONAL AIRPORT, MA US","1976-09",,"1.57"
"USW00014739","BOSTON LOGAN INTERNATIONAL AIRPORT, MA US","1976-10",,"4.16"
"USW00014739","BOSTON LOGAN INTERNATIONAL AIRPORT, MA US","1976-11",,"0.64"
"USW00014739","BOSTON LOGAN INTERNATIONAL AIRPORT, MA US","1976-12",,"3.36"
"USW00014739","BOSTON LOGAN INTERNATIONAL AIRPORT, MA US","1977-01",,"4.42"
"USW00014739","BOSTON LOGAN INTERNATIONAL AIRPORT, MA US","1977-02",,"2.41"
"USW00014739","BOSTON LOGAN INTERNATIONAL AIRPORT, MA US","1977-03",,"4.76"
"USW00014739","BOSTON LOGAN INTERNATIONAL AIRPORT, MA US","1977-04",,"4.07"
"USW00014739","BOSTON LOGAN INTERNATIONAL AIRPORT, MA US","1977-05",,"3.52"
"USW00014739","BOSTON LOGAN INTERNATIONAL AIRPORT, MA US","1977-06",,"2.50"
"USW00014739","BOSTON LOGAN INTERNATIONAL AIRPORT, MA US","1977-07",,"2.21"
"USW00014739","BOSTON LOGAN INTERNATIONAL AIRPORT, MA US","1977-08",,"2.91"
"USW00014739","BOSTON LOGAN INTERNATIONAL AIRPORT, MA US","1977-09",,"4.03"
"USW00014739","BOSTON LOGAN INTERNATIONAL AIRPORT, MA US","1977-10",,"4.63"
"USW00014739","BOSTON LOGAN INTERNATIONAL AIRPORT, MA US","1977-11",,"2.54"
"USW00014739","BOSTON LOGAN INTERNATIONAL AIRPORT, MA US","1977-12",,"6.20"
"USW00014739","BOSTON LOGAN INTERNATIONAL AIRPORT, MA US","1978-01",,"8.13"
"USW00014739","BOSTON LOGAN INTERNATIONAL AIRPORT, MA US","1978-02",,"2.87"
"USW00014739","BOSTON LOGAN INTERNATIONAL AIRPORT, MA US","1978-03",,"2.46"
"USW00014739","BOSTON LOGAN INTERNATIONAL AIRPORT, MA US","1978-04",,"1.80"
"USW00014739","BOSTON LOGAN INTERNATIONAL AIRPORT, MA US","1978-05",,"4.50"
"USW00014739","BOSTON LOGAN INTERNATIONAL AIRPORT, MA US","1978-06",,"1.53"
"USW00014739","BOSTON LOGAN INTERNATIONAL AIRPORT, MA US","1978-07",,"1.48"
"USW00014739","BOSTON LOGAN INTERNATIONAL AIRPORT, MA US","1978-08",,"4.62"
"USW00014739","BOSTON LOGAN INTERNATIONAL AIRPORT, MA US","1978-09",,"1.30"
"USW00014739","BOSTON LOGAN INTERNATIONAL AIRPORT, MA US","1978-10",,"3.13"
"USW00014739","BOSTON LOGAN INTERNATIONAL AIRPORT, MA US","1978-11",,"2.21"
"USW00014739","BOSTON LOGAN INTERNATIONAL AIRPORT, MA US","1978-12",,"3.63"
"USW00014739","BOSTON LOGAN INTERNATIONAL AIRPORT, MA US","1979-01",,"10.55"
"USW00014739","BOSTON LOGAN INTERNATIONAL AIRPORT, MA US","1979-02",,"3.47"
"USW00014739","BOSTON LOGAN INTERNATIONAL AIRPORT, MA US","1979-03",,"3.04"
"USW00014739","BOSTON LOGAN INTERNATIONAL AIRPORT, MA US","1979-04",,"3.20"
"USW00014739","BOSTON LOGAN INTERNATIONAL AIRPORT, MA US","1979-05",,"4.25"
"USW00014739","BOSTON LOGAN INTERNATIONAL AIRPORT, MA US","1979-06",,"0.86"
"USW00014739","BOSTON LOGAN INTERNATIONAL AIRPORT, MA US","1979-07",,"2.36"
"USW00014739","BOSTON LOGAN INTERNATIONAL AIRPORT, MA US","1979-08",,"5.02"
"USW00014739","BOSTON LOGAN INTERNATIONAL AIRPORT, MA US","1979-09",,"3.61"
"USW00014739","BOSTON LOGAN INTERNATIONAL AIRPORT, MA US","1979-10",,"3.15"
"USW00014739","BOSTON LOGAN INTERNATIONAL AIRPORT, MA US","1979-11",,"3.29"
"USW00014739","BOSTON LOGAN INTERNATIONAL AIRPORT, MA US","1979-12",,"1.42"
"USW00014739","BOSTON LOGAN INTERNATIONAL AIRPORT, MA US","1980-01",,"0.74"
"USW00014739","BOSTON LOGAN INTERNATIONAL AIRPORT, MA US","1980-02",,"0.88"
"USW00014739","BOSTON LOGAN INTERNATIONAL AIRPORT, MA US","1980-03",,"5.37"
"USW00014739","BOSTON LOGAN INTERNATIONAL AIRPORT, MA US","1980-04",,"4.36"
"USW00014739","BOSTON LOGAN INTERNATIONAL AIRPORT, MA US","1980-05",,"2.30"
"USW00014739","BOSTON LOGAN INTERNATIONAL AIRPORT, MA US","1980-06",,"3.06"
"USW00014739","BOSTON LOGAN INTERNATIONAL AIRPORT, MA US","1980-07",,"2.21"
"USW00014739","BOSTON LOGAN INTERNATIONAL AIRPORT, MA US","1980-08",,"1.55"
"USW00014739","BOSTON LOGAN INTERNATIONAL AIRPORT, MA US","1980-09",,"0.82"
"USW00014739","BOSTON LOGAN INTERNATIONAL AIRPORT, MA US","1980-10",,"4.14"
"USW00014739","BOSTON LOGAN INTERNATIONAL AIRPORT, MA US","1980-11",,"3.01"
"USW00014739","BOSTON LOGAN INTERNATIONAL AIRPORT, MA US","1980-12",,"0.98"
"USW00014739","BOSTON LOGAN INTERNATIONAL AIRPORT, MA US","1981-01",,"0.95"
"USW00014739","BOSTON LOGAN INTERNATIONAL AIRPORT, MA US","1981-02",,"6.65"
"USW00014739","BOSTON LOGAN INTERNATIONAL AIRPORT, MA US","1981-03",,"0.62"
"USW00014739","BOSTON LOGAN INTERNATIONAL AIRPORT, MA US","1981-04",,"3.14"
"USW00014739","BOSTON LOGAN INTERNATIONAL AIRPORT, MA US","1981-05",,"1.18"
"USW00014739","BOSTON LOGAN INTERNATIONAL AIRPORT, MA US","1981-06",,"1.65"
"USW00014739","BOSTON LOGAN INTERNATIONAL AIRPORT, MA US","1981-07",,"3.48"
"USW00014739","BOSTON LOGAN INTERNATIONAL AIRPORT, MA US","1981-08",,"1.04"
"USW00014739","BOSTON LOGAN INTERNATIONAL AIRPORT, MA US","1981-09",,"2.54"
"USW00014739","BOSTON LOGAN INTERNATIONAL AIRPORT, MA US","1981-10",,"3.43"
"USW00014739","BOSTON LOGAN INTERNATIONAL AIRPORT, MA US","1981-11",,"4.78"
"USW00014739","BOSTON LOGAN INTERNATIONAL AIRPORT, MA US","1981-12",,"6.27"
"USW00014739","BOSTON LOGAN INTERNATIONAL AIRPORT, MA US","1982-01",,"4.70"
"USW00014739","BOSTON LOGAN INTERNATIONAL AIRPORT, MA US","1982-02",,"2.66"
"USW00014739","BOSTON LOGAN INTERNATIONAL AIRPORT, MA US","1982-03",,"2.17"
"USW00014739","BOSTON LOGAN INTERNATIONAL AIRPORT, MA US","1982-04",,"3.42"
"USW00014739","BOSTON LOGAN INTERNATIONAL AIRPORT, MA US","1982-05",,"2.57"
"USW00014739","BOSTON LOGAN INTERNATIONAL AIRPORT, MA US","1982-06",,"13.20"
"USW00014739","BOSTON LOGAN INTERNATIONAL AIRPORT, MA US","1982-07",,"4.22"
"USW00014739","BOSTON LOGAN INTERNATIONAL AIRPORT, MA US","1982-08",,"2.22"
"USW00014739","BOSTON LOGAN INTERNATIONAL AIRPORT, MA US","1982-09",,"1.57"
"USW00014739","BOSTON LOGAN INTERNATIONAL AIRPORT, MA US","1982-10",,"3.19"
"USW00014739","BOSTON LOGAN INTERNATIONAL AIRPORT, MA US","1982-11",,"3.42"
"USW00014739","BOSTON LOGAN INTERNATIONAL AIRPORT, MA US","1982-12",,"1.28"
"USW00014739","BOSTON LOGAN INTERNATIONAL AIRPORT, MA US","1983-01",,"5.03"
"USW00014739","BOSTON LOGAN INTERNATIONAL AIRPORT, MA US","1983-02",,"5.00"
"USW00014739","BOSTON LOGAN INTERNATIONAL AIRPORT, MA US","1983-03",,"9.72"
"USW00014739","BOSTON LOGAN INTERNATIONAL AIRPORT, MA US","1983-04",,"6.87"
"USW00014739","BOSTON LOGAN INTERNATIONAL AIRPORT, MA US","1983-05",,"2.95"
"USW00014739","BOSTON LOGAN INTERNATIONAL AIRPORT, MA US","1983-06",,"1.07"
"USW00014739","BOSTON LOGAN INTERNATIONAL AIRPORT, MA US","1983-07",,"1.07"
"USW00014739","BOSTON LOGAN INTERNATIONAL AIRPORT, MA US","1983-08",,"3.28"
"USW00014739","BOSTON LOGAN INTERNATIONAL AIRPORT, MA US","1983-09",,"1.06"
"USW00014739","BOSTON LOGAN INTERNATIONAL AIRPORT, MA US","1983-10",,"3.74"
"USW00014739","BOSTON LOGAN INTERNATIONAL AIRPORT, MA US","1983-11",,"8.89"
"USW00014739","BOSTON LOGAN INTERNATIONAL AIRPORT, MA US","1983-12",,"4.94"
"USW00014739","BOSTON LOGAN INTERNATIONAL AIRPORT, MA US","1984-01","11.2","2.31"
"USW00014739","BOSTON LOGAN INTERNATIONAL AIRPORT, MA US","1984-02","12.1","7.81"
"USW00014739","BOSTON LOGAN INTERNATIONAL AIRPORT, MA US","1984-03","13.6","6.82"
"USW00014739","BOSTON LOGAN INTERNATIONAL AIRPORT, MA US","1984-04","9.6","4.43"
"USW00014739","BOSTON LOGAN INTERNATIONAL AIRPORT, MA US","1984-05","13.0","8.76"
"USW00014739","BOSTON LOGAN INTERNATIONAL AIRPORT, MA US","1984-06","11.9","3.07"
"USW00014739","BOSTON LOGAN INTERNATIONAL AIRPORT, MA US","1984-07","11.6","4.43"
"USW00014739","BOSTON LOGAN INTERNATIONAL AIRPORT, MA US","1984-08","8.9","1.60"
"USW00014739","BOSTON LOGAN INTERNATIONAL AIRPORT, MA US","1984-09","9.8","1.22"
"USW00014739","BOSTON LOGAN INTERNATIONAL AIRPORT, MA US","1984-10","9.8","5.18"
"USW00014739","BOSTON LOGAN INTERNATIONAL AIRPORT, MA US","1984-11","11.9","1.69"
"USW00014739","BOSTON LOGAN INTERNATIONAL AIRPORT, MA US","1984-12","11.2","2.93"
"USW00014739","BOSTON LOGAN INTERNATIONAL AIRPORT, MA US","1985-01","11.9","1.12"
"USW00014739","BOSTON LOGAN INTERNATIONAL AIRPORT, MA US","1985-02","12.1","1.83"
"USW00014739","BOSTON LOGAN INTERNATIONAL AIRPORT, MA US","1985-03","12.5","2.29"
"USW00014739","BOSTON LOGAN INTERNATIONAL AIRPORT, MA US","1985-04","11.2","1.63"
"USW00014739","BOSTON LOGAN INTERNATIONAL AIRPORT, MA US","1985-05","11.2","3.37"
"USW00014739","BOSTON LOGAN INTERNATIONAL AIRPORT, MA US","1985-06","10.7","3.94"
"USW00014739","BOSTON LOGAN INTERNATIONAL AIRPORT, MA US","1985-07","11.0","3.52"
"USW00014739","BOSTON LOGAN INTERNATIONAL AIRPORT, MA US","1985-08","9.8","6.67"
"USW00014739","BOSTON LOGAN INTERNATIONAL AIRPORT, MA US","1985-09","10.5","3.00"
"USW00014739","BOSTON LOGAN INTERNATIONAL AIRPORT, MA US","1985-10","11.0","1.65"
"USW00014739","BOSTON LOGAN INTERNATIONAL AIRPORT, MA US","1985-11","11.9","6.39"
"USW00014739","BOSTON LOGAN INTERNATIONAL AIRPORT, MA US","1985-12","12.1","1.22"
"USW00014739","BOSTON LOGAN INTERNATIONAL AIRPORT, MA US","1986-01","13.6","3.42"
"USW00014739","BOSTON LOGAN INTERNATIONAL AIRPORT, MA US","1986-02","11.9","2.84"
"USW00014739","BOSTON LOGAN INTERNATIONAL AIRPORT, MA US","1986-03","13.0","3.42"
"USW00014739","BOSTON LOGAN INTERNATIONAL AIRPORT, MA US","1986-04","11.4","1.59"
"USW00014739","BOSTON LOGAN INTERNATIONAL AIRPORT, MA US","1986-05","12.3","1.31"
"USW00014739","BOSTON LOGAN INTERNATIONAL AIRPORT, MA US","1986-06","12.8","7.74"
"USW00014739","BOSTON LOGAN INTERNATIONAL AIRPORT, MA US","1986-07","11.2","3.96"
"USW00014739","BOSTON LOGAN INTERNATIONAL AIRPORT, MA US","1986-08","10.3","3.32"
"USW00014739","BOSTON LOGAN INTERNATIONAL AIRPORT, MA US","1986-09","11.4","1.08"
"USW00014739","BOSTON LOGAN INTERNATIONAL AIRPORT, MA US","1986-10","11.9","3.27"
"USW00014739","BOSTON LOGAN INTERNATIONAL AIRPORT, MA US","1986-11","13.4","6.01"
"USW00014739","BOSTON LOGAN INTERNATIONAL AIRPORT, MA US","1986-12","13.4","6.38"
"USW00014739","BOSTON LOGAN INTERNATIONAL AIRPORT, MA US","1987-01","14.5","7.28"
"USW00014739","BOSTON LOGAN INTERNATIONAL AIRPORT, MA US","1987-02","14.3","0.72"
"USW00014739","BOSTON LOGAN INTERNATIONAL AIRPORT, MA US","1987-03","12.1","4.28"
"USW00014739","BOSTON LOGAN INTERNATIONAL AIRPORT, MA US","1987-04","13.4","9.46"
"USW00014739","BOSTON LOGAN INTERNATIONAL AIRPORT, MA US","1987-05","12.3","1.75"
"USW00014739","BOSTON LOGAN INTERNATIONAL AIRPORT, MA US","1987-06","12.3","2.63"
"USW00014739","BOSTON LOGAN INTERNATIONAL AIRPORT, MA US","1987-07","11.9","0.82"
"USW00014739","BOSTON LOGAN INTERNATIONAL AIRPORT, MA US","1987-08","12.5","2.93"
"USW00014739","BOSTON LOGAN INTERNATIONAL AIRPORT, MA US","1987-09","11.9","7.30"
"USW00014739","BOSTON LOGAN INTERNATIONAL AIRPORT, MA US","1987-10","12.8","2.73"
"USW00014739","BOSTON LOGAN INTERNATIONAL AIRPORT, MA US","1987-11","13.9","3.49"
"USW00014739","BOSTON LOGAN INTERNATIONAL AIRPORT, MA US","1987-12","14.1","2.13"
"USW00014739","BOSTON LOGAN INTERNATIONAL AIRPORT, MA US","1988-01","13.6","2.51"
"USW00014739","BOSTON LOGAN INTERNATIONAL AIRPORT, MA US","1988-02","13.9","3.93"
"USW00014739","BOSTON LOGAN INTERNATIONAL AIRPORT, MA US","1988-03","14.3","3.52"
"USW00014739","BOSTON LOGAN INTERNATIONAL AIRPORT, MA US","1988-04","13.9","1.48"
"USW00014739","BOSTON LOGAN INTERNATIONAL AIRPORT, MA US","1988-05","12.5","2.86"
"USW00014739","BOSTON LOGAN INTERNATIONAL AIRPORT, MA US","1988-06","13.6","1.29"
"USW00014739","BOSTON LOGAN INTERNATIONAL AIRPORT, MA US","1988-07","11.2","7.62"
"USW00014739","BOSTON LOGAN INTERNATIONAL AIRPORT, MA US","1988-08","12.1","1.11"
"USW00014739","BOSTON LOGAN INTERNATIONAL AIRPORT, MA US","1988-09","13.2","1.29"
"USW00014739","BOSTON LOGAN INTERNATIONAL AIRPORT, MA US","1988-10","13.9","1.60"
"USW00014739","BOSTON LOGAN INTERNATIONAL AIRPORT, MA US","1988-11","13.9","6.57"
"USW00014739","BOSTON LOGAN INTERNATIONAL AIRPORT, MA US","1988-12","14.5","1.02"
"USW00014739","BOSTON LOGAN INTERNATIONAL AIRPORT, MA US","1989-01","14.5","0.62"
"USW00014739","BOSTON LOGAN INTERNATIONAL AIRPORT, MA US","1989-02","13.9","2.51"
"USW00014739","BOSTON LOGAN INTERNATIONAL AIRPORT, MA US","1989-03","14.5","3.07"
"USW00014739","BOSTON LOGAN INTERNATIONAL AIRPORT, MA US","1989-04","13.6","3.57"
"USW00014739","BOSTON LOGAN INTERNATIONAL AIRPORT, MA US","1989-05","13.2","3.55"
"USW00014739","BOSTON LOGAN INTERNATIONAL AIRPORT, MA US","1989-06","11.6","2.84"
"USW00014739","BOSTON LOGAN INTERNATIONAL AIRPORT, MA US","1989-07","11.4","5.09"
"USW00014739","BOSTON LOGAN INTERNATIONAL AIRPORT, MA US","1989-08","11.9","5.92"
"USW00014739","BOSTON LOGAN INTERNATIONAL AIRPORT, MA US","1989-09","11.9","4.61"
"USW00014739","BOSTON LOGAN INTERNATIONAL AIRPORT, MA US","1989-10","12.5","5.72"
"USW00014739","BOSTON LOGAN INTERNATIONAL AIRPORT, MA US","1989-11","14.3","4.13"
"USW00014739","BOSTON LOGAN INTERNATIONAL AIRPORT, MA US","1989-12","14.3","0.81"
"USW00014739","BOSTON LOGAN INTERNATIONAL AIRPORT, MA US","1990-01","13.6","3.78"
"USW00014739","BOSTON LOGAN INTERNATIONAL AIRPORT, MA US","1990-02","15.7","3.60"
"USW00014739","BOSTON LOGAN INTERNATIONAL AIRPORT, MA US","1990-03","13.9","1.71"
"USW00014739","BOSTON LOGAN INTERNATIONAL AIRPORT, MA US","1990-04","14.5","5.94"
"USW00014739","BOSTON LOGAN INTERNATIONAL AIRPORT, MA US","1990-05","13.4","6.53"
"USW00014739","BOSTON LOGAN INTERNATIONAL AIRPORT, MA US","1990-06","12.3","0.69"
"USW00014739","BOSTON LOGAN INTERNATIONAL AIRPORT, MA US","1990-07","11.6","4.08"
"USW00014739","BOSTON LOGAN INTERNATIONAL AIRPORT, MA US","1990-08","11.2","6.57"
"USW00014739","BOSTON LOGAN INTERNATIONAL AIRPORT, MA US","1990-09","11.9","1.67"
"USW00014739","BOSTON LOGAN INTERNATIONAL AIRPORT, MA US","1990-10","13.6","7.36"
"USW00014739","BOSTON LOGAN INTERNATIONAL AIRPORT, MA US","1990-11","15.0","1.39"
"USW00014739","BOSTON LOGAN INTERNATIONAL AIRPORT, MA US","1990-12","14.3","3.19"
"USW00014739","BOSTON LOGAN INTERNATIONAL AIRPORT, MA US","1991-01","13.0","3.25"
"USW00014739","BOSTON LOGAN INTERNATIONAL AIRPORT, MA US","1991-02","12.8","1.58"
"USW00014739","BOSTON LOGAN INTERNATIONAL AIRPORT, MA US","1991-03","14.3","4.33"
"USW00014739","BOSTON LOGAN INTERNATIONAL AIRPORT, MA US","1991-04","13.0","4.85"
"USW00014739","BOSTON LOGAN INTERNATIONAL AIRPORT, MA US","1991-05","12.3","0.93"
"USW00014739","BOSTON LOGAN INTERNATIONAL AIRPORT, MA US","1991-06","12.1","2.89"
"USW00014739","BOSTON LOGAN INTERNATIONAL AIRPORT, MA US","1991-07","11.0","1.95"
"USW00014739","BOSTON LOGAN INTERNATIONAL AIRPORT, MA US","1991-08","12.3","5.27"
"USW00014739","BOSTON LOGAN INTERNATIONAL AIRPORT, MA US","1991-09","11.2","6.32"
"USW00014739","BOSTON LOGAN INTERNATIONAL AIRPORT, MA US","1991-10","12.5","4.27"
"USW00014739","BOSTON LOGAN INTERNATIONAL AIRPORT, MA US","1991-11","11.9","4.06"
"USW00014739","BOSTON LOGAN INTERNATIONAL AIRPORT, MA US","1991-12","13.9","2.59"
"USW00014739","BOSTON LOGAN INTERNATIONAL AIRPORT, MA US","1992-01","13.4","3.11"
"USW00014739","BOSTON LOGAN INTERNATIONAL AIRPORT, MA US","1992-02","13.6","2.28"
"USW00014739","BOSTON LOGAN INTERNATIONAL AIRPORT, MA US","1992-03","13.2","3.59"
"USW00014739","BOSTON LOGAN INTERNATIONAL AIRPORT, MA US","1992-04","13.0","2.34"
"USW00014739","BOSTON LOGAN INTERNATIONAL AIRPORT, MA US","1992-05","11.2","1.41"
"USW00014739","BOSTON LOGAN INTERNATIONAL AIRPORT, MA US","1992-06","11.6","4.61"
"USW00014739","BOSTON LOGAN INTERNATIONAL AIRPORT, MA US","1992-07","10.7","2.67"
"USW00014739","BOSTON LOGAN INTERNATIONAL AIRPORT, MA US","1992-08","11.2","4.26"
"USW00014739","BOSTON LOGAN INTERNATIONAL AIRPORT, MA US","1992-09","11.0","3.46"
"USW00014739","BOSTON LOGAN INTERNATIONAL AIRPORT, MA US","1992-10","11.2","1.63"
"USW00014739","BOSTON LOGAN INTERNATIONAL AIRPORT, MA US","1992-11","11.0","6.14"
"USW00014739","BOSTON LOGAN INTERNATIONAL AIRPORT, MA US","1992-12","13.4","8.26"
"USW00014739","BOSTON LOGAN INTERNATIONAL AIRPORT, MA US","1993-01","11.2","2.17"
"USW00014739","BOSTON LOGAN INTERNATIONAL AIRPORT, MA US","1993-02","14.3","4.95"
"USW00014739","BOSTON LOGAN INTERNATIONAL AIRPORT, MA US","1993-03","13.6","7.67"
"USW00014739","BOSTON LOGAN INTERNATIONAL AIRPORT, MA US","1993-04","12.8","4.87"
"USW00014739","BOSTON LOGAN INTERNATIONAL AIRPORT, MA US","1993-05","11.2","1.04"
"USW00014739","BOSTON LOGAN INTERNATIONAL AIRPORT, MA US","1993-06","12.1","1.75"
"USW00014739","BOSTON LOGAN INTERNATIONAL AIRPORT, MA US","1993-07","11.2","1.75"
"USW00014739","BOSTON LOGAN INTERNATIONAL AIRPORT, MA US","1993-08","10.1","1.32"
"USW00014739","BOSTON LOGAN INTERNATIONAL AIRPORT, MA US","1993-09","11.0","4.65"
"USW00014739","BOSTON LOGAN INTERNATIONAL AIRPORT, MA US","1993-10","11.9","3.61"
"USW00014739","BOSTON LOGAN INTERNATIONAL AIRPORT, MA US","1993-11","12.3","2.86"
"USW00014739","BOSTON LOGAN INTERNATIONAL AIRPORT, MA US","1993-12","13.4","6.61"
"USW00014739","BOSTON LOGAN INTERNATIONAL AIRPORT, MA US","1994-01","13.6","5.22"
"USW00014739","BOSTON LOGAN INTERNATIONAL AIRPORT, MA US","1994-02","13.9","2.96"
"USW00014739","BOSTON LOGAN INTERNATIONAL AIRPORT, MA US","1994-03","13.9","7.48"
"USW00014739","BOSTON LOGAN INTERNATIONAL AIRPORT, MA US","1994-04","12.8","2.25"
"USW00014739","BOSTON LOGAN INTERNATIONAL AIRPORT, MA US","1994-05","11.4","5.36"
"USW00014739","BOSTON LOGAN INTERNATIONAL AIRPORT, MA US","1994-06","10.7","0.87"
"USW00014739","BOSTON LOGAN INTERNATIONAL AIRPORT, MA US","1994-07","9.8","1.80"
"USW00014739","BOSTON LOGAN INTERNATIONAL AIRPORT, MA US","1994-08","11.0","7.04"
"USW00014739","BOSTON LOGAN INTERNATIONAL AIRPORT, MA US","1994-09","12.5","4.59"
"USW00014739","BOSTON LOGAN INTERNATIONAL AIRPORT, MA US","1994-10","11.2","0.41"
"USW00014739","BOSTON LOGAN INTERNATIONAL AIRPORT, MA US","1994-11","13.4","4.31"
"USW00014739","BOSTON LOGAN INTERNATIONAL AIRPORT, MA US","1994-12","13.4","5.38"
"USW00014739","BOSTON LOGAN INTERNATIONAL AIRPORT, MA US","1995-01","13.4","4.34"
"USW00014739","BOSTON LOGAN INTERNATIONAL AIRPORT, MA US","1995-02","14.8","2.57"
"USW00014739","BOSTON LOGAN INTERNATIONAL AIRPORT, MA US","1995-03","12.3","2.21"
"USW00014739","BOSTON LOGAN INTERNATIONAL AIRPORT, MA US","1995-04","13.2","1.41"
"USW00014739","BOSTON LOGAN INTERNATIONAL AIRPORT, MA US","1995-05","12.8","1.81"
"USW00014739","BOSTON LOGAN INTERNATIONAL AIRPORT, MA US","1995-06","11.9","1.55"
"USW00014739","BOSTON LOGAN INTERNATIONAL AIRPORT, MA US","1995-07","12.1","2.07"
"USW00014739","BOSTON LOGAN INTERNATIONAL AIRPORT, MA US","1995-08","12.8","0.82"
"USW00014739","BOSTON LOGAN INTERNATIONAL AIRPORT, MA US","1995-09","12.3","3.61"
"USW00014739","BOSTON LOGAN INTERNATIONAL AIRPORT, MA US","1995-10","13.0","6.42"
"USW00014739","BOSTON LOGAN INTERNATIONAL AIRPORT, MA US","1995-11","13.4","5.13"
"USW00014739","BOSTON LOGAN INTERNATIONAL AIRPORT, MA US","1995-12","14.3","3.20"
"USW00014739","BOSTON LOGAN INTERNATIONAL AIRPORT, MA US","1996-01","14.8","7.44"
"USW00014739","BOSTON LOGAN INTERNATIONAL AIRPORT, MA US","1996-02","13.4","3.17"
"USW00014739","BOSTON LOGAN INTERNATIONAL AIRPORT, MA US","1996-03","13.0","2.35"
"USW00014739","BOSTON LOGAN INTERNATIONAL AIRPORT, MA US","1996-04","13.9","4.37"
"USW00014739","BOSTON LOGAN INTERNATIONAL AIRPORT, MA US","1996-05","10.3","2.73"
"USW00014739","BOSTON LOGAN INTERNATIONAL AIRPORT, MA US","1996-06","9.4","1.03"
"USW00014739","BOSTON LOGAN INTERNATIONAL AIRPORT, MA US","1996-07","10.3","5.23"
"USW00014739","BOSTON LOGAN INTERNATIONAL AIRPORT, MA US","1996-08","8.7","1.54"
"USW00014739","BOSTON LOGAN INTERNATIONAL AIRPORT, MA US","1996-09","10.5","6.10"
"USW00014739","BOSTON LOGAN INTERNATIONAL AIRPORT, MA US","1996-10","11.2","10.67"
"USW00014739","BOSTON LOGAN INTERNATIONAL AIRPORT, MA US","1996-11","10.3","2.19"
"USW00014739","BOSTON LOGAN INTERNATIONAL AIRPORT, MA US","1996-12","11.9","5.71"
"USW00014739","BOSTON LOGAN INTERNATIONAL AIRPORT, MA US","1997-01","13.4","2.34"
"USW00014739","BOSTON LOGAN INTERNATIONAL AIRPORT, MA US","1997-02","12.5","1.29"
"USW00014739","BOSTON LOGAN INTERNATIONAL AIRPORT, MA US","1997-03","13.4","4.68"
"USW00014739","BOSTON LOGAN INTERNATIONAL AIRPORT, MA US","1997-04","12.3","3.46"
"USW00014739","BOSTON LOGAN INTERNATIONAL AIRPORT, MA US","1997-05","12.5","2.64"
"USW00014739","BOSTON LOGAN INTERNATIONAL AIRPORT, MA US","1997-06","10.3","1.41"
"USW00014739","BOSTON LOGAN INTERNATIONAL AIRPORT, MA US","1997-07","10.5","0.63"
"USW00014739","BOSTON LOGAN INTERNATIONAL AIRPORT, MA US","1997-08","9.6","3.02"
"USW00014739","BOSTON LOGAN INTERNATIONAL AIRPORT, MA US","1997-09","10.5","1.02"
"USW00014739","BOSTON LOGAN INTERNATIONAL AIRPORT, MA US","1997-10","9.6","1.78"
"USW00014739","BOSTON LOGAN INTERNATIONAL AIRPORT, MA US","1997-11","12.5","5.87"
"USW00014739","BOSTON LOGAN INTERNATIONAL AIRPORT, MA US","1997-12","11.4","2.29"
"USW00014739","BOSTON LOGAN INTERNATIONAL AIRPORT, MA US","1998-01","12.1","4.76"
"USW00014739","BOSTON LOGAN INTERNATIONAL AIRPORT, MA US","1998-02","12.5","5.54"
"USW00014739","BOSTON LOGAN INTERNATIONAL AIRPORT, MA US","1998-03","12.5","4.15"
"USW00014739","BOSTON LOGAN INTERNATIONAL AIRPORT, MA US","1998-04","10.7","3.59"
"USW00014739","BOSTON LOGAN INTERNATIONAL AIRPORT, MA US","1998-05","11.6","6.84"
"USW00014739","BOSTON LOGAN INTERNATIONAL AIRPORT, MA US","1998-06","9.8","11.57"
"USW00014739","BOSTON LOGAN INTERNATIONAL AIRPORT, MA US","1998-07","9.6","2.47"
"USW00014739","BOSTON LOGAN INTERNATIONAL AIRPORT, MA US","1998-08","8.7","3.37"
"USW00014739","BOSTON LOGAN INTERNATIONAL AIRPORT, MA US","1998-09","10.5","3.04"
"USW00014739","BOSTON LOGAN INTERNATIONAL AIRPORT, MA US","1998-10","12.3","5.38"
"USW00014739","BOSTON LOGAN INTERNATIONAL AIRPORT, MA US","1998-11","11.0","1.38"
"USW00014739","BOSTON LOGAN INTERNATIONAL AIRPORT, MA US","1998-12","11.4","1.59"
"USW00014739","BOSTON LOGAN INTERNATIONAL AIRPORT, MA US","1999-01","12.1","5.69"
"USW00014739","BOSTON LOGAN INTERNATIONAL AIRPORT, MA US","1999-02","11.2","3.52"
"USW00014739","BOSTON LOGAN INTERNATIONAL AIRPORT, MA US","1999-03","14.5","2.53"
"USW00014739","BOSTON LOGAN INTERNATIONAL AIRPORT, MA US","1999-04","11.9","0.83"
"USW00014739","BOSTON LOGAN INTERNATIONAL AIRPORT, MA US","1999-05","9.6","2.70"
"USW00014739","BOSTON LOGAN INTERNATIONAL AIRPORT, MA US","1999-06","10.7","0.00"
"USW00014739","BOSTON LOGAN INTERNATIONAL AIRPORT, MA US","1999-07","10.3","3.51"
"USW00014739","BOSTON LOGAN INTERNATIONAL AIRPORT, MA US","1999-08","10.1","1.33"
"USW00014739","BOSTON LOGAN INTERNATIONAL AIRPORT, MA US","1999-09","10.1","9.86"
"USW00014739","BOSTON LOGAN INTERNATIONAL AIRPORT, MA US","1999-10","11.2","4.30"
"USW00014739","BOSTON LOGAN INTERNATIONAL AIRPORT, MA US","1999-11","12.5","2.13"
"USW00014739","BOSTON LOGAN INTERNATIONAL AIRPORT, MA US","1999-12","12.1","1.53"
"USW00014739","BOSTON LOGAN INTERNATIONAL AIRPORT, MA US","2000-01","13.9","2.62"
"USW00014739","BOSTON LOGAN INTERNATIONAL AIRPORT, MA US","2000-02","12.1","2.56"
"USW00014739","BOSTON LOGAN INTERNATIONAL AIRPORT, MA US","2000-03","12.8","3.60"
"USW00014739","BOSTON LOGAN INTERNATIONAL AIRPORT, MA US","2000-04","13.4","5.03"
"USW00014739","BOSTON LOGAN INTERNATIONAL AIRPORT, MA US","2000-05","11.2","2.89"
"USW00014739","BOSTON LOGAN INTERNATIONAL AIRPORT, MA US","2000-06","10.7","6.61"
"USW00014739","BOSTON LOGAN INTERNATIONAL AIRPORT, MA US","2000-07","10.3","5.20"
"USW00014739","BOSTON LOGAN INTERNATIONAL AIRPORT, MA US","2000-08","9.6","2.22"
"USW00014739","BOSTON LOGAN INTERNATIONAL AIRPORT, MA US","2000-09","10.3","2.87"
"USW00014739","BOSTON LOGAN INTERNATIONAL AIRPORT, MA US","2000-10","11.2","2.86"
"USW00014739","BOSTON LOGAN INTERNATIONAL AIRPORT, MA US","2000-11","10.7","4.51"
"USW00014739","BOSTON LOGAN INTERNATIONAL AIRPORT, MA US","2000-12","13.0","4.67"
"USW00014739","BOSTON LOGAN INTERNATIONAL AIRPORT, MA US","2001-01","10.1","1.58"
"USW00014739","BOSTON LOGAN INTERNATIONAL AIRPORT, MA US","2001-02","12.5","1.38"
"USW00014739","BOSTON LOGAN INTERNATIONAL AIRPORT, MA US","2001-03","13.4","7.57"
"USW00014739","BOSTON LOGAN INTERNATIONAL AIRPORT, MA US","2001-04","11.0","0.89"
"USW00014739","BOSTON LOGAN INTERNATIONAL AIRPORT, MA US","2001-05","11.4","1.24"
"USW00014739","BOSTON LOGAN INTERNATIONAL AIRPORT, MA US","2001-06","10.1","4.99"
"USW00014739","BOSTON LOGAN INTERNATIONAL AIRPORT, MA US","2001-07","10.1","2.13"
"USW00014739","BOSTON LOGAN INTERNATIONAL AIRPORT, MA US","2001-08","9.4","4.13"
"USW00014739","BOSTON LOGAN INTERNATIONAL AIRPORT, MA US","2001-09","10.1","2.29"
"USW00014739","BOSTON LOGAN INTERNATIONAL AIRPORT, MA US","2001-10","11.0","0.98"
"USW00014739","BOSTON LOGAN INTERNATIONAL AIRPORT, MA US","2001-11","10.3","0.73"
"USW00014739","BOSTON LOGAN INTERNATIONAL AIRPORT, MA US","2001-12","10.7","2.83"
"USW00014739","BOSTON LOGAN INTERNATIONAL AIRPORT, MA US","2002-01","11.6","3.14"
"USW00014739","BOSTON LOGAN INTERNATIONAL AIRPORT, MA US","2002-02","11.4","1.81"
"USW00014739","BOSTON LOGAN INTERNATIONAL AIRPORT, MA US","2002-03","11.2","3.53"
"USW00014739","BOSTON LOGAN INTERNATIONAL AIRPORT, MA US","2002-04","11.9","2.61"
"USW00014739","BOSTON LOGAN INTERNATIONAL AIRPORT, MA US","2002-05","12.1","4.48"
"USW00014739","BOSTON LOGAN INTERNATIONAL AIRPORT, MA US","2002-06","11.0","4.78"
"USW00014739","BOSTON LOGAN INTERNATIONAL AIRPORT, MA US","2002-07","10.7","1.43"
"USW00014739","BOSTON LOGAN INTERNATIONAL AIRPORT, MA US","2002-08","10.3","2.13"
"USW00014739","BOSTON LOGAN INTERNATIONAL AIRPORT, MA US","2002-09","10.5","3.40"
"USW00014739","BOSTON LOGAN INTERNATIONAL AIRPORT, MA US","2002-10","11.4","3.47"
"USW00014739","BOSTON LOGAN INTERNATIONAL AIRPORT, MA US","2002-11","12.5","5.03"
"USW00014739","BOSTON LOGAN INTERNATIONAL AIRPORT, MA US","2002-12","12.8","5.30"
"USW00014739","BOSTON LOGAN INTERNATIONAL AIRPORT, MA US","2003-01","13.4","1.82"
"USW00014739","BOSTON LOGAN INTERNATIONAL AIRPORT, MA US","2003-02","12.3","4.21"
"USW00014739","BOSTON LOGAN INTERNATIONAL AIRPORT, MA US","2003-03","11.4","4.00"
"USW00014739","BOSTON LOGAN INTERNATIONAL AIRPORT, MA US","2003-04","12.3","4.00"
"USW00014739","BOSTON LOGAN INTERNATIONAL AIRPORT, MA US","2003-05","10.1","4.12"
"USW00014739","BOSTON LOGAN INTERNATIONAL AIRPORT, MA US","2003-06","8.9","4.69"
"USW00014739","BOSTON LOGAN INTERNATIONAL AIRPORT, MA US","2003-07","9.8","2.10"
"USW00014739","BOSTON LOGAN INTERNATIONAL AIRPORT, MA US","2003-08","9.2","2.90"
"USW00014739","BOSTON LOGAN INTERNATIONAL AIRPORT, MA US","2003-09","8.9","2.65"
"USW00014739","BOSTON LOGAN INTERNATIONAL AIRPORT, MA US","2003-10","10.7","6.20"
"USW00014739","BOSTON LOGAN INTERNATIONAL AIRPORT, MA US","2003-11","10.5","2.63"
"USW00014739","BOSTON LOGAN INTERNATIONAL AIRPORT, MA US","2003-12","13.6","5.06"
"USW00014739","BOSTON LOGAN INTERNATIONAL AIRPORT, MA US","2004-01","13.9","1.02"
"USW00014739","BOSTON LOGAN INTERNATIONAL AIRPORT, MA US","2004-02","11.9","1.45"
"USW00014739","BOSTON LOGAN INTERNATIONAL AIRPORT, MA US","2004-03","12.8","3.39"
"USW00014739","BOSTON LOGAN INTERNATIONAL AIRPORT, MA US","2004-04","12.3","9.57"
"USW00014739","BOSTON LOGAN INTERNATIONAL AIRPORT, MA US","2004-05","10.5","3.07"
"USW00014739","BOSTON LOGAN INTERNATIONAL AIRPORT, MA US","2004-06","10.3","1.95"
"USW00014739","BOSTON LOGAN INTERNATIONAL AIRPORT, MA US","2004-07","9.2","3.87"
"USW00014739","BOSTON LOGAN INTERNATIONAL AIRPORT, MA US","2004-08","9.6","4.39"
"USW00014739","BOSTON LOGAN INTERNATIONAL AIRPORT, MA US","2004-09","9.8","7.44"
"USW00014739","BOSTON LOGAN INTERNATIONAL AIRPORT, MA US","2004-10","11.0","1.88"
"USW00014739","BOSTON LOGAN INTERNATIONAL AIRPORT, MA US","2004-11","11.2","2.92"
"USW00014739","BOSTON LOGAN INTERNATIONAL AIRPORT, MA US","2004-12","12.5","3.66"
"USW00014739","BOSTON LOGAN INTERNATIONAL AIRPORT, MA US","2005-01","12.3","4.46"
"USW00014739","BOSTON LOGAN INTERNATIONAL AIRPORT, MA US","2005-02","10.7","2.70"
"USW00014739","BOSTON LOGAN INTERNATIONAL AIRPORT, MA US","2005-03","12.3","3.88"
"USW00014739","BOSTON LOGAN INTERNATIONAL AIRPORT, MA US","2005-04","11.2","3.17"
"USW00014739","BOSTON LOGAN INTERNATIONAL AIRPORT, MA US","2005-05","11.4","3.98"
"USW00014739","BOSTON LOGAN INTERNATIONAL AIRPORT, MA US","2005-06","9.8","1.46"
"USW00014739","BOSTON LOGAN INTERNATIONAL AIRPORT, MA US","2005-07","10.5","3.37"
"USW00014739","BOSTON LOGAN INTERNATIONAL AIRPORT, MA US","2005-08","9.2","2.88"
"USW00014739","BOSTON LOGAN INTERNATIONAL AIRPORT, MA US","2005-09","9.6","1.78"
"USW00014739","BOSTON LOGAN INTERNATIONAL AIRPORT, MA US","2005-10","12.8","9.41"
"USW00014739","BOSTON LOGAN INTERNATIONAL AIRPORT, MA US","2005-11","11.0","3.71"
"USW00014739","BOSTON LOGAN INTERNATIONAL AIRPORT, MA US","2005-12","11.4","2.87"
"USW00014739","BOSTON LOGAN INTERNATIONAL AIRPORT, MA US","2006-01","12.3","4.60"
"USW00014739","BOSTON LOGAN INTERNATIONAL AIRPORT, MA US","2006-02","13.2","2.64"
"USW00014739","BOSTON LOGAN INTERNATIONAL AIRPORT, MA US","2006-03","12.1","0.56"
"USW00014739","BOSTON LOGAN INTERNATIONAL AIRPORT, MA US","2006-04","12.1","1.83"
"USW00014739","BOSTON LOGAN INTERNATIONAL AIRPORT, MA US","2006-05","12.1","12.48"
"USW00014739","BOSTON LOGAN INTERNATIONAL AIRPORT, MA US","2006-06","10.1","10.08"
"USW00014739","BOSTON LOGAN INTERNATIONAL AIRPORT, MA US","2006-07","9.6","3.58"
"USW00014739","BOSTON LOGAN INTERNATIONAL AIRPORT, MA US","2006-08","9.6","3.20"
"USW00014739","BOSTON LOGAN INTERNATIONAL AIRPORT, MA US","2006-09","10.1","1.72"
"USW00014739","BOSTON LOGAN INTERNATIONAL AIRPORT, MA US","2006-10","11.6","4.50"
"USW00014739","BOSTON LOGAN INTERNATIONAL AIRPORT, MA US","2006-11","9.2","5.80"
"USW00014739","BOSTON LOGAN INTERNATIONAL AIRPORT, MA US","2006-12","11.0","1.89"
"USW00014739","BOSTON LOGAN INTERNATIONAL AIRPORT, MA US","2007-01","11.6","2.57"
"USW00014739","BOSTON LOGAN INTERNATIONAL AIRPORT, MA US","2007-02","13.4","2.20"
"USW00014739","BOSTON LOGAN INTERNATIONAL AIRPORT, MA US","2007-03","13.6","4.31"
"USW00014739","BOSTON LOGAN INTERNATIONAL AIRPORT, MA US","2007-04","12.8","6.71"
"USW00014739","BOSTON LOGAN INTERNATIONAL AIRPORT, MA US","2007-05","10.3","3.70"
"USW00014739","BOSTON LOGAN INTERNATIONAL AIRPORT, MA US","2007-06","10.1","2.13"
"USW00014739","BOSTON LOGAN INTERNATIONAL AIRPORT, MA US","2007-07","8.9","5.26"
"USW00014739","BOSTON LOGAN INTERNATIONAL AIRPORT, MA US","2007-08","8.9","0.66"
"USW00014739","BOSTON LOGAN INTERNATIONAL AIRPORT, MA US","2007-09","9.6","1.81"
"USW00014739","BOSTON LOGAN INTERNATIONAL AIRPORT, MA US","2007-10","8.9","2.09"
"USW00014739","BOSTON LOGAN INTERNATIONAL AIRPORT, MA US","2007-11","11.0","2.80"
"USW00014739","BOSTON LOGAN INTERNATIONAL AIRPORT, MA US","2007-12","10.5","5.25"
"USW00014739","BOSTON LOGAN INTERNATIONAL AIRPORT, MA US","2008-01","11.2","2.69"
"USW00014739","BOSTON LOGAN INTERNATIONAL AIRPORT, MA US","2008-02","11.6","7.95"
"USW00014739","BOSTON LOGAN INTERNATIONAL AIRPORT, MA US","2008-03","12.5","4.66"
"USW00014739","BOSTON LOGAN INTERNATIONAL AIRPORT, MA US","2008-04","10.5","2.98"
"USW00014739","BOSTON LOGAN INTERNATIONAL AIRPORT, MA US","2008-05","11.4","2.73"
"USW00014739","BOSTON LOGAN INTERNATIONAL AIRPORT, MA US","2008-06","8.7","3.46"
"USW00014739","BOSTON LOGAN INTERNATIONAL AIRPORT, MA US","2008-07","8.9","6.01"
"USW00014739","BOSTON LOGAN INTERNATIONAL AIRPORT, MA US","2008-08","8.5","4.48"
"USW00014739","BOSTON LOGAN INTERNATIONAL AIRPORT, MA US","2008-09","8.7","6.45"
"USW00014739","BOSTON LOGAN INTERNATIONAL AIRPORT, MA US","2008-10","9.8","1.42"
"USW00014739","BOSTON LOGAN INTERNATIONAL AIRPORT, MA US","2008-11","10.1","4.57"
"USW00014739","BOSTON LOGAN INTERNATIONAL AIRPORT, MA US","2008-12","13.6","7.11"
"USW00014739","BOSTON LOGAN INTERNATIONAL AIRPORT, MA US","2009-01","11.4","3.35"
"USW00014739","BOSTON LOGAN INTERNATIONAL AIRPORT, MA US","2009-02","12.3","1.94"
"USW00014739","BOSTON LOGAN INTERNATIONAL AIRPORT, MA US","2009-03","11.6","2.51"
"USW00014739","BOSTON LOGAN INTERNATIONAL AIRPORT, MA US","2009-04","11.9","4.13"
"USW00014739","BOSTON LOGAN INTERNATIONAL AIRPORT, MA US","2009-05","10.3","2.70"
"USW00014739","BOSTON LOGAN INTERNATIONAL AIRPORT, MA US","2009-06","8.9","3.22"
"USW00014739","BOSTON LOGAN INTERNATIONAL AIRPORT, MA US","2009-07","9.4","6.90"
"USW00014739","BOSTON LOGAN INTERNATIONAL AIRPORT, MA US","2009-08","8.9","3.24"
"USW00014739","BOSTON LOGAN INTERNATIONAL AIRPORT, MA US","2009-09","10.3","3.09"
"USW00014739","BOSTON LOGAN INTERNATIONAL AIRPORT, MA US","2009-10","10.5","5.18"
"USW00014739","BOSTON LOGAN INTERNATIONAL AIRPORT, MA US","2009-11","10.5","3.34"
"USW00014739","BOSTON LOGAN INTERNATIONAL AIRPORT, MA US","2009-12","13.2","3.91"
"USW00014739","BOSTON LOGAN INTERNATIONAL AIRPORT, MA US","2010-01","12.1","2.91"
"USW00014739","BOSTON LOGAN INTERNATIONAL AIRPORT, MA US","2010-02","13.2","3.34"
"USW00014739","BOSTON LOGAN INTERNATIONAL AIRPORT, MA US","2010-03","13.0","14.87"
"USW00014739","BOSTON LOGAN INTERNATIONAL AIRPORT, MA US","2010-04","10.5","1.78"
"USW00014739","BOSTON LOGAN INTERNATIONAL AIRPORT, MA US","2010-05","10.7","2.90"
"USW00014739","BOSTON LOGAN INTERNATIONAL AIRPORT, MA US","2010-06","9.4","3.18"
"USW00014739","BOSTON LOGAN INTERNATIONAL AIRPORT, MA US","2010-07","9.6","2.66"
"USW00014739","BOSTON LOGAN INTERNATIONAL AIRPORT, MA US","2010-08","10.3","5.75"
"USW00014739","BOSTON LOGAN INTERNATIONAL AIRPORT, MA US","2010-09","10.7","1.80"
"USW00014739","BOSTON LOGAN INTERNATIONAL AIRPORT, MA US","2010-10","12.3","3.91"
"USW00014739","BOSTON LOGAN INTERNATIONAL AIRPORT, MA US","2010-11","11.0","2.96"
"USW00014739","BOSTON LOGAN INTERNATIONAL AIRPORT, MA US","2010-12","13.2","3.61"
"USW00014739","BOSTON LOGAN INTERNATIONAL AIRPORT, MA US","2011-01","10.7","4.57"
"USW00014739","BOSTON LOGAN INTERNATIONAL AIRPORT, MA US","2011-02","11.9","4.57"
"USW00014739","BOSTON LOGAN INTERNATIONAL AIRPORT, MA US","2011-03","12.3","2.10"
"USW00014739","BOSTON LOGAN INTERNATIONAL AIRPORT, MA US","2011-04","11.9","4.04"
"USW00014739","BOSTON LOGAN INTERNATIONAL AIRPORT, MA US","2011-05","10.5","3.24"
"USW00014739","BOSTON LOGAN INTERNATIONAL AIRPORT, MA US","2011-06","9.8","4.76"
"USW00014739","BOSTON LOGAN INTERNATIONAL AIRPORT, MA US","2011-07","9.4","2.04"
"USW00014739","BOSTON LOGAN INTERNATIONAL AIRPORT, MA US","2011-08","9.6","7.74"
"USW00014739","BOSTON LOGAN INTERNATIONAL AIRPORT, MA US","2011-09","8.5","4.40"
"USW00014739","BOSTON LOGAN INTERNATIONAL AIRPORT, MA US","2011-10","11.0","6.76"
"USW00014739","BOSTON LOGAN INTERNATIONAL AIRPORT, MA US","2011-11","10.3","4.21"
"USW00014739","BOSTON LOGAN INTERNATIONAL AIRPORT, MA US","2011-12","10.3","3.97"
"USW00014739","BOSTON LOGAN INTERNATIONAL AIRPORT, MA US","2012-01","11.4","2.68"
"USW00014739","BOSTON LOGAN INTERNATIONAL AIRPORT, MA US","2012-02","10.7","1.00"
"USW00014739","BOSTON LOGAN INTERNATIONAL AIRPORT, MA US","2012-03","10.7","1.22"
"USW00014739","BOSTON LOGAN INTERNATIONAL AIRPORT, MA US","2012-04","11.6","3.09"
"USW00014739","BOSTON LOGAN INTERNATIONAL AIRPORT, MA US","2012-05","8.3","3.43"
"USW00014739","BOSTON LOGAN INTERNATIONAL AIRPORT, MA US","2012-06","10.3","4.71"
"USW00014739","BOSTON LOGAN INTERNATIONAL AIRPORT, MA US","2012-07","8.9","3.88"
"USW00014739","BOSTON LOGAN INTERNATIONAL AIRPORT, MA US","2012-08","8.7","3.08"
"USW00014739","BOSTON LOGAN INTERNATIONAL AIRPORT, MA US","2012-09","9.2","4.10"
"USW00014739","BOSTON LOGAN INTERNATIONAL AIRPORT, MA US","2012-10","10.1","2.62"
"USW00014739","BOSTON LOGAN INTERNATIONAL AIRPORT, MA US","2012-11","10.7","1.01"
"USW00014739","BOSTON LOGAN INTERNATIONAL AIRPORT, MA US","2012-12","11.2","5.93"
"USW00014739","BOSTON LOGAN INTERNATIONAL AIRPORT, MA US","2013-01","11.6","1.09"
"USW00014739","BOSTON LOGAN INTERNATIONAL AIRPORT, MA US","2013-02","12.3","5.27"
"USW00014739","BOSTON LOGAN INTERNATIONAL AIRPORT, MA US","2013-03","12.5","3.33"
"USW00014739","BOSTON LOGAN INTERNATIONAL AIRPORT, MA US","2013-04","12.3","1.37"
"USW00014739","BOSTON LOGAN INTERNATIONAL AIRPORT, MA US","2013-05","9.6","3.22"
"USW00014739","BOSTON LOGAN INTERNATIONAL AIRPORT, MA US","2013-06","10.5","10.50"
"USW00014739","BOSTON LOGAN INTERNATIONAL AIRPORT, MA US","2013-07","9.2","3.62"
"USW00014739","BOSTON LOGAN INTERNATIONAL AIRPORT, MA US","2013-08","8.9","1.84"
"USW00014739","BOSTON LOGAN INTERNATIONAL AIRPORT, MA US","2013-09","8.9","2.22"
"USW00014739","BOSTON LOGAN INTERNATIONAL AIRPORT, MA US","2013-10","8.9","0.62"
"USW00014739","BOSTON LOGAN INTERNATIONAL AIRPORT, MA US","2013-11","11.6","2.72"
"USW00014739","BOSTON LOGAN INTERNATIONAL AIRPORT, MA US","2013-12","10.1","4.63"
"USW00014739","BOSTON LOGAN INTERNATIONAL AIRPORT, MA US","2014-01","11.9","3.24"
"USW00014739","BOSTON LOGAN INTERNATIONAL AIRPORT, MA US","2014-02","11.0","4.13"
"USW00014739","BOSTON LOGAN INTERNATIONAL AIRPORT, MA US","2014-03","11.6","4.48"
"USW00014739","BOSTON LOGAN INTERNATIONAL AIRPORT, MA US","2014-04","12.1","3.23"
"USW00014739","BOSTON LOGAN INTERNATIONAL AIRPORT, MA US","2014-05","9.8","2.86"
"USW00014739","BOSTON LOGAN INTERNATIONAL AIRPORT, MA US","2014-06","9.8","2.62"
"USW00014739","BOSTON LOGAN INTERNATIONAL AIRPORT, MA US","2014-07","10.3","4.57"
"USW00014739","BOSTON LOGAN INTERNATIONAL AIRPORT, MA US","2014-08","8.9","1.75"
"USW00014739","BOSTON LOGAN INTERNATIONAL AIRPORT, MA US","2014-09","8.9","0.70"
"USW00014739","BOSTON LOGAN INTERNATIONAL AIRPORT, MA US","2014-10","11.2","5.84"
"USW00014739","BOSTON LOGAN INTERNATIONAL AIRPORT, MA US","2014-11","11.0","5.27"
"USW00014739","BOSTON LOGAN INTERNATIONAL AIRPORT, MA US","2014-12","11.2","6.57"
"USW00014739","BOSTON LOGAN INTERNATIONAL AIRPORT, MA US","2015-01","12.3","3.57"
"USW00014739","BOSTON LOGAN INTERNATIONAL AIRPORT, MA US","2015-02","11.9","3.38"
"USW00014739","BOSTON LOGAN INTERNATIONAL AIRPORT, MA US","2015-03","11.0","3.05"
"USW00014739","BOSTON LOGAN INTERNATIONAL AIRPORT, MA US","2015-04","11.9","2.28"
"USW00014739","BOSTON LOGAN INTERNATIONAL AIRPORT, MA US","2015-05","11.0","1.22"
"USW00014739","BOSTON LOGAN INTERNATIONAL AIRPORT, MA US","2015-06","9.6","5.02"
"USW00014739","BOSTON LOGAN INTERNATIONAL AIRPORT, MA US","2015-07","8.9","2.09"
"USW00014739","BOSTON LOGAN INTERNATIONAL AIRPORT, MA US","2015-08","8.7","2.19"
"USW00014739","BOSTON LOGAN INTERNATIONAL AIRPORT, MA US","2015-09","9.2","3.94"
"USW00014739","BOSTON LOGAN INTERNATIONAL AIRPORT, MA US","2015-10","11.6","1.74"
"USW00014739","BOSTON LOGAN INTERNATIONAL AIRPORT, MA US","2015-11","10.3","2.07"
"USW00014739","BOSTON LOGAN INTERNATIONAL AIRPORT, MA US","2015-12","8.9","4.28"
"USW00014739","BOSTON LOGAN INTERNATIONAL AIRPORT, MA US","2016-01","12.3","3.27"
"USW00014739","BOSTON LOGAN INTERNATIONAL AIRPORT, MA US","2016-02","12.8","4.18"
"USW00014739","BOSTON LOGAN INTERNATIONAL AIRPORT, MA US","2016-03","12.1","3.17"
"USW00014739","BOSTON LOGAN INTERNATIONAL AIRPORT, MA US","2016-04","11.4","2.91"
"USW00014739","BOSTON LOGAN INTERNATIONAL AIRPORT, MA US","2016-05","9.8","2.83"
"USW00014739","BOSTON LOGAN INTERNATIONAL AIRPORT, MA US","2016-06","10.7","1.33"
"USW00014739","BOSTON LOGAN INTERNATIONAL AIRPORT, MA US","2016-07","9.8","0.87"
"USW00014739","BOSTON LOGAN INTERNATIONAL AIRPORT, MA US","2016-08","10.5","1.72"
"USW00014739","BOSTON LOGAN INTERNATIONAL AIRPORT, MA US","2016-09","11.0","1.39"
"USW00014739","BOSTON LOGAN INTERNATIONAL AIRPORT, MA US","2016-10","10.7","5.46"
"USW00014739","BOSTON LOGAN INTERNATIONAL AIRPORT, MA US","2016-11","10.3","2.70"
"USW00014739","BOSTON LOGAN INTERNATIONAL AIRPORT, MA US","2016-12","12.1","3.26"
"USW00014739","BOSTON LOGAN INTERNATIONAL AIRPORT, MA US","2017-01","12.5","4.25"
"USW00014739","BOSTON LOGAN INTERNATIONAL AIRPORT, MA US","2017-02","12.8","3.22"
"USW00014739","BOSTON LOGAN INTERNATIONAL AIRPORT, MA US","2017-03","13.6","4.18"
"USW00014739","BOSTON LOGAN INTERNATIONAL AIRPORT, MA US","2017-04","12.1","5.74"
"USW00014739","BOSTON LOGAN INTERNATIONAL AIRPORT, MA US","2017-05","11.0","3.45"
"USW00014739","BOSTON LOGAN INTERNATIONAL AIRPORT, MA US","2017-06","11.4","4.85"
"USW00014739","BOSTON LOGAN INTERNATIONAL AIRPORT, MA US","2017-07","9.6","4.03"
"USW00014739","BOSTON LOGAN INTERNATIONAL AIRPORT, MA US","2017-08","9.2","1.58"
"USW00014739","BOSTON LOGAN INTERNATIONAL AIRPORT, MA US","2017-09","10.5","3.74"
"USW00014739","BOSTON LOGAN INTERNATIONAL AIRPORT, MA US","2017-10","11.0","4.15"
"USW00014739","BOSTON LOGAN INTERNATIONAL AIRPORT, MA US","2017-11","11.2","1.80"
"USW00014739","BOSTON LOGAN INTERNATIONAL AIRPORT, MA US","2017-12","11.4","2.49"
"USW00014739","BOSTON LOGAN INTERNATIONAL AIRPORT, MA US","2018-01","13.4","4.92"
"USW00014739","BOSTON LOGAN INTERNATIONAL AIRPORT, MA US","2018-02","11.2","3.77"
"USW00014739","BOSTON LOGAN INTERNATIONAL AIRPORT, MA US","2018-03","15.0","5.08"
"USW00014739","BOSTON LOGAN INTERNATIONAL AIRPORT, MA US","2018-04","11.9","4.62"
"USW00014739","BOSTON LOGAN INTERNATIONAL AIRPORT, MA US","2018-05","10.1","1.90"
"USW00014739","BOSTON LOGAN INTERNATIONAL AIRPORT, MA US","2018-06","10.3","2.96"
"USW00014739","BOSTON LOGAN INTERNATIONAL AIRPORT, MA US","2018-07","9.8","4.56"
"USW00014739","BOSTON LOGAN INTERNATIONAL AIRPORT, MA US","2018-08","9.4","4.66"
"USW00014739","BOSTON LOGAN INTERNATIONAL AIRPORT, MA US","2018-09","9.6","5.13"
"USW00014739","BOSTON LOGAN INTERNATIONAL AIRPORT, MA US","2018-10","11.2","3.78"
"USW00014739","BOSTON LOGAN INTERNATIONAL AIRPORT, MA US","2018-11","12.5","9.26"
"USW00014739","BOSTON LOGAN INTERNATIONAL AIRPORT, MA US","2018-12","10.7","2.72"
"USW00014739","BOSTON LOGAN INTERNATIONAL AIRPORT, MA US","2019-01","13.0","3.63"
"USW00014739","BOSTON LOGAN INTERNATIONAL AIRPORT, MA US","2019-02","12.1","3.45"
"USW00014739","BOSTON LOGAN INTERNATIONAL AIRPORT, MA US","2019-03","12.3","2.96"
"USW00014739","BOSTON LOGAN INTERNATIONAL AIRPORT, MA US","2019-04","12.5","6.53"
"USW00014739","BOSTON LOGAN INTERNATIONAL AIRPORT, MA US","2019-05","10.7","3.35"
"USW00014739","BOSTON LOGAN INTERNATIONAL AIRPORT, MA US","2019-06","9.8","5.15"
"USW00014739","BOSTON LOGAN INTERNATIONAL AIRPORT, MA US","2019-07","9.4","5.81"
"USW00014739","BOSTON LOGAN INTERNATIONAL AIRPORT, MA US","2019-08","9.6","3.48"
"USW00014739","BOSTON LOGAN INTERNATIONAL AIRPORT, MA US","2019-09","10.1","2.17"
"USW00014739","BOSTON LOGAN INTERNATIONAL AIRPORT, MA US","2019-10","11.6","4.46"
"USW00014739","BOSTON LOGAN INTERNATIONAL AIRPORT, MA US","2019-11","11.9","3.37"
"USW00014739","BOSTON LOGAN INTERNATIONAL AIRPORT, MA US","2019-12","12.1","6.07"
"USW00014739","BOSTON LOGAN INTERNATIONAL AIRPORT, MA US","2020-01","11.4","1.39"
"USW00014739","BOSTON LOGAN INTERNATIONAL AIRPORT, MA US","2020-02","10.5","3.30"
"USW00014739","BOSTON LOGAN INTERNATIONAL AIRPORT, MA US","2020-03","12.8","3.61"
"USW00014739","BOSTON LOGAN INTERNATIONAL AIRPORT, MA US","2020-04","13.4","4.33"
"USW00014739","BOSTON LOGAN INTERNATIONAL AIRPORT, MA US","2020-05","11.9","2.21"
"USW00014739","BOSTON LOGAN INTERNATIONAL AIRPORT, MA US","2020-06","8.9","2.67"
"USW00014739","BOSTON LOGAN INTERNATIONAL AIRPORT, MA US","2020-07","9.6","1.95"
"USW00014739","BOSTON LOGAN INTERNATIONAL AIRPORT, MA US","2020-08","9.6","2.28"
"USW00014739","BOSTON LOGAN INTERNATIONAL AIRPORT, MA US","2020-09","9.8","0.98"
"USW00014739","BOSTON LOGAN INTERNATIONAL AIRPORT, MA US","2020-10","10.3","4.98"
"USW00014739","BOSTON LOGAN INTERNATIONAL AIRPORT, MA US","2020-11","10.7","4.20"
"USW00014739","BOSTON LOGAN INTERNATIONAL AIRPORT, MA US","2020-12","11.9","5.67"
"USW00014739","BOSTON LOGAN INTERNATIONAL AIRPORT, MA US","2021-01","11.4","2.02"
"USW00014739","BOSTON LOGAN INTERNATIONAL AIRPORT, MA US","2021-02","10.7","3.06"
"USW00014739","BOSTON LOGAN INTERNATIONAL AIRPORT, MA US","2021-03","12.5","1.89"
"USW00014739","BOSTON LOGAN INTERNATIONAL AIRPORT, MA US","2021-04","11.9","4.44"
"USW00014739","BOSTON LOGAN INTERNATIONAL AIRPORT, MA US","2021-05","11.2","4.92"
"USW00014739","BOSTON LOGAN INTERNATIONAL AIRPORT, MA US","2021-06","10.1","2.57"
"USW00014739","BOSTON LOGAN INTERNATIONAL AIRPORT, MA US","2021-07","8.9","10.08"
"USW00014739","BOSTON LOGAN INTERNATIONAL AIRPORT, MA US","2021-08","8.9","7.00"
"USW00014739","BOSTON LOGAN INTERNATIONAL AIRPORT, MA US","2021-09","9.6","7.47"
"USW00014739","BOSTON LOGAN INTERNATIONAL AIRPORT, MA US","2021-10","11.2","5.11"
"USW00014739","BOSTON LOGAN INTERNATIONAL AIRPORT, MA US","2021-11","10.3","1.34"
"USW00014739","BOSTON LOGAN INTERNATIONAL AIRPORT, MA US","2021-12","10.1","2.45"
"USW00014739","BOSTON LOGAN INTERNATIONAL AIRPORT, MA US","2022-01","12.1","2.33"
"USW00014739","BOSTON LOGAN INTERNATIONAL AIRPORT, MA US","2022-02","11.6","4.61"
"USW00014739","BOSTON LOGAN INTERNATIONAL AIRPORT, MA US","2022-03","11.9","2.94"
"USW00014739","BOSTON LOGAN INTERNATIONAL AIRPORT, MA US","2022-04","12.5","2.32"
"USW00014739","BOSTON LOGAN INTERNATIONAL AIRPORT, MA US","2022-05","11.0","1.32"
"USW00014739","BOSTON LOGAN INTERNATIONAL AIRPORT, MA US","2022-06","10.3","2.33"
"USW00014739","BOSTON LOGAN INTERNATIONAL AIRPORT, MA US","2022-07","10.7","0.62"
"USW00014739","BOSTON LOGAN INTERNATIONAL AIRPORT, MA US","2022-08","9.8","1.48"
"USW00014739","BOSTON LOGAN INTERNATIONAL AIRPORT, MA US","2022-09","10.1","2.61"
"USW00014739","BOSTON LOGAN INTERNATIONAL AIRPORT, MA US","2022-10","9.6","4.28"
"USW00014739","BOSTON LOGAN INTERNATIONAL AIRPORT, MA US","2022-11","11.6","2.70"
"USW00014739","BOSTON LOGAN INTERNATIONAL AIRPORT, MA US","2022-12","13.0","3.76"
"USW00014739","BOSTON LOGAN INTERNATIONAL AIRPORT, MA US","2023-01","10.7","5.24"
"USW00014739","BOSTON LOGAN INTERNATIONAL AIRPORT, MA US","2023-02","11.4","1.37"
"USW00014739","BOSTON LOGAN INTERNATIONAL AIRPORT, MA US","2023-03","12.8","4.29"
"USW00014739","BOSTON LOGAN INTERNATIONAL AIRPORT, MA US","2023-04","11.2","3.10"
"USW00014739","BOSTON LOGAN INTERNATIONAL AIRPORT, MA US","2023-05","11.4","2.26"
"USW00014739","BOSTON LOGAN INTERNATIONAL AIRPORT, MA US","2023-06","9.4","3.44"
"USW00014739","BOSTON LOGAN INTERNATIONAL AIRPORT, MA US","2023-07","8.7","10.42"
"USW00014739","BOSTON LOGAN INTERNATIONAL AIRPORT, MA US","2023-08","9.4","6.46"
"USW00014739","BOSTON LOGAN INTERNATIONAL AIRPORT, MA US","2023-09","9.6","3.76"
"USW00014739","BOSTON LOGAN INTERNATIONAL AIRPORT, MA US","2023-10","8.9","1.42"
"USW00014739","BOSTON LOGAN INTERNATIONAL AIRPORT, MA US","2023-11","10.7","1.93"
"USW00014739","BOSTON LOGAN INTERNATIONAL AIRPORT, MA US","2023-12","9.6","5.98"
"USW00014739","BOSTON LOGAN INTERNATIONAL AIRPORT, MA US","2024-01","11.9","7.64"
"USW00014739","BOSTON LOGAN INTERNATIONAL AIRPORT, MA US","2024-02","11.2","0.66"
"USW00014739","BOSTON LOGAN INTERNATIONAL AIRPORT, MA US","2024-03","12.8","8.94"
"USW00014739","BOSTON LOGAN INTERNATIONAL AIRPORT, MA US","2024-04","11.6","2.96"
"USW00014739","BOSTON LOGAN INTERNATIONAL AIRPORT, MA US","2024-05","9.8","4.81"
"USW00014739","BOSTON LOGAN INTERNATIONAL AIRPORT, MA US","2024-06","10.5","4.04"
"USW00014739","BOSTON LOGAN INTERNATIONAL AIRPORT, MA US","2024-07","9.4","1.40"
"USW00014739","BOSTON LOGAN INTERNATIONAL AIRPORT, MA US","2024-08","8.5","3.70"
"USW00014739","BOSTON LOGAN INTERNATIONAL AIRPORT, MA US","2024-09","9.4","1.33"
"USW00014739","BOSTON LOGAN INTERNATIONAL AIRPORT, MA US","2024-10","9.6","0.91"
"USW00014739","BOSTON LOGAN INTERNATIONAL AIRPORT, MA US","2024-11","11.9","3.36"
"USW00014739","BOSTON LOGAN INTERNATIONAL AIRPORT, MA US","2024-12",,
